Total Calories,Total Distance,Total Floors,Total Steps,Avg Heartrate,Max Steps (minute(s)),Sleep
2294.936577,6.624171,31,15415,70.656573,120(10:40:00),(23:50:00,23:56:00)
Discard Array
Patient,minute,0.000000,0.000000,0,0,0,0
13ac4,0:24:00,0.968900,0.000000,0,68,0,2
13ac4,0:24:00,0.968900,0.000000,0,68,0,2
12cx7,0:50:00,0.968900,0.000000,0,62,0,1
12cx7,2:25:00,0.968900,0.000000,0,57,0,1
13ac4,21:17:00,0.887778,0.000000,0,57,0,0
13ac4,21:17:00,0.887778,0.000000,0,57,0,0
